<?xml version="1.0" encoding="UTF-8"?>
<library xmlns="http://www.netbeans.org/ns/library-declaration/3" version="3.0">
    <name>EclipseLink-GlassFish-v3</name>
    <type>j2se</type>
    <description>EclipseLink jars that are bundled with the most recently registered GlassFish installation</description>
    <display-name>EclipseLink from GlassFish</display-name>
    <volume>
        <type>classpath</type>
        <resource>jar:file:/opt/glassfish/glassfish/modules/org.eclipse.persistence.asm.jar!/</resource>
        <resource>jar:file:/opt/glassfish/glassfish/modules/org.eclipse.persistence.antlr.jar!/</resource>
        <resource>jar:file:/opt/glassfish/glassfish/modules/org.eclipse.persistence.moxy.jar!/</resource>
        <resource>jar:file:/opt/glassfish/glassfish/modules/org.eclipse.persistence.jpa.jpql.jar!/</resource>
        <resource>jar:file:/opt/glassfish/glassfish/modules/org.eclipse.persistence.core.jar!/</resource>
        <resource>jar:file:/opt/glassfish/glassfish/modules/org.eclipse.persistence.jpa.modelgen.processor.jar!/</resource>
        <resource>jar:file:/opt/glassfish/glassfish/modules/org.eclipse.persistence.oracle.jar!/</resource>
        <resource>jar:file:/opt/glassfish/glassfish/modules/org.eclipse.persistence.dbws.jar!/</resource>
        <resource>jar:file:/opt/glassfish/glassfish/modules/org.eclipse.persistence.jpa.jar!/</resource>
        <resource>jar:file:/opt/glassfish/glassfish/modules/javax.persistence.jar!/</resource>
    </volume>
    <volume>
        <type>src</type>
    </volume>
    <volume>
        <type>javadoc</type>
        <resource>jar:file:/opt/netbeans/enterprise/docs/javaee-doc-api.jar!/</resource>
    </volume>
    <volume>
        <type>maven-pom</type>
    </volume>
    <properties/>
</library>
